7247,termly.io
7749,fisglobal.com
10523,bebo.com
17021,manybooks.net
22428,anyclip.com
33429,princes-trust.org.uk
43623,upland.me
54721,section.io
60214,stattrek.com
64604,irdeto.com
70599,eastoftheweb.com
71440,syncee.co
74599,basicinvite.com
75935,badgleymischka.com
87042,rumandmonkey.com
87336,lakersnation.com
92897,veeps.com
96656,brandboom.com
101026,beerandbrewing.com
105339,hbsslaw.com
116082,6seconds.org
116247,marketerhire.com
131875,emblibrary.com
138820,diamondcbd.com
144917,lbbc.org
152253,dodgerblue.com
152461,frankkern.com
157852,michelzbinden.com
158021,playtestcloud.com
164403,afpafitness.com
167554,listingsmagic.com
168341,smallbizclub.com
191040,bricks4kidz.com
193654,zoella.co.uk
194587,lovelybride.com
195267,silverwoodthemepark.com
197178,regroup.com
210056,trackingterrorism.org
212039,int-comp.org
212102,responsiblejewellery.com
215138,newdiscourses.com
218021,stevesie.com
219864,learn2.com
220441,dollarflightclub.com
221438,investiv.co
226725,florencebymills.com
234734,recruiterpm.com
238328,urbanthreads.com
252214,schurter.com
254398,beistravel.com
258329,you-cubez.com
261305,certiprof.com
261498,parabola.io
270130,warehouseskateboards.com
275641,soleretriever.com
282751,colorgradingcentral.com
291805,taylorshellfishfarms.com
295257,firstflorida.org
296019,adsanityplugin.com
301700,prepexpert.com
317635,grayson.edu
319190,strikepointmedia.com
320040,sawgrassink.com
328409,bosu.com
331936,saloncloudsplus.com
333049,mistobox.com
338146,patternbeauty.com
341861,inesdisanto.com
343021,drakes.com
346665,roas.org
365533,gscpa.org
366676,junglecity.com
415905,halocollar.com
423470,import2.com
436633,0xtracker.com
447000,ng-accounting.co.uk
447078,itsalovelylife.com
455342,saffronavenue.com
457797,alwaysai.co
462708,artacademy.edu
473859,baboontothemoon.com
479532,qwary.com
486175,passthemrcs.co.uk
494242,cablecast.tv
511280,accertify.com
512006,cognitohq.com
512678,mipadrino.com
514489,gript.ie
528172,myforecast.com
533244,rapidratings.com
539644,wheresmyjob.com
544819,proxyway.com
545224,mwphglga.org
547425,zerowaste.com
555768,phoenixpoint.info
558240,traderspro.com
561350,bidstack.com
564750,tanqueverderanch.com
565829,endurancesportswire.com
569297,aycd.io
588626,manageyourleads.com
590407,happytrack.co
611992,earncheese.com
644907,atlantaeats.com
647526,kmsheetmetal.com
676487,finexusa.com
690702,optisigns.com
711927,cmd-ltd.com
718522,yakattack.us
720473,eventcadence.com
724021,trainingmagnetwork.com
731182,millerpaint.com
734759,gideononline.com
740811,e-aircraftsupply.com
743576,gocodes.com
751558,nhlrumors.com
757433,moonoralcare.com
760843,ranchoobiwan.org
772052,logix.com
772118,trustassure.app
786496,warriors.co.uk
795894,seaward.com
813047,gabrieltanner.org
819211,afflecks.com
864529,onevalefan.co.uk
865078,flexprintinc.com
865721,sovereignnations.com
884786,squadcast.com
893923,cloudshim.com
896985,crushlovely.com
909688,kateschell.com
913955,flexcon.com
925415,joeysturgistones.com
929320,wavebasis.com
948563,euskills.co.uk
967448,wallums.com
970874,dailystep.com
973454,plattenite.com
978446,solidface.com
999961,workfolio.com
1007002,friskadesk.com
1015722,footankleinstitute.com
1025768,xtreamfx.global
1027992,sportscity.com
1037711,spacemakerai.com
1039424,cpgdigital.tv
1043729,stepheneinhorn.co.uk
1045104,fuseproductions.org
1051505,carbonmobile.com
1054118,staticz.com
1055555,regie.io
1056737,byrotation.com
1065998,bandqcareers.com
1077644,ultrastarmovies.com
1083564,journeyapps.com
1104202,bodine-electric.com
1134304,resultsandnohype.com
1156498,derekhess.com
1160096,automechanika-birmingham.com
1181411,korukids.co.uk
1186887,auntmillies.com
1198914,tradestocks.com
1210884,swc.ac.uk
1211905,towerrecords.ie
1249062,cleanifiq.com
1268935,rochesterfringe.com
1273944,crscreditapi.com
1274907,thesmmablueprint.com
1285816,tulsaoktoberfest.org
1296177,sociallensresearch.com
1307663,willpowerwrestlingclub.org
1325575,eventtitans.com
1357059,domainspy.info
1357209,amopportunities.org
1359814,vestaliving.ie
1398494,certifiedlifecoachinstitute.com
1410484,analyst1.com
1421395,wpxpress.com
1440530,buildcentral.com
1440534,georgegankas.golf
1443356,99minds.io
1444301,roi-selling.com
1450591,trendmoodbox.com
1462515,collegechampions.co
1465938,ambassador.ai
1468554,trylifetones.com
1475238,gorepu.com
1479116,ezoptimize.com
1487590,goupward.com
1495514,keepster.co
1497479,engageli.com
1506906,puris.com
1509623,havocshield.com
1517586,mytelemedicine.com
1537184,trinityschool.org
1566845,goalsplasticsurgery.com
1584739,scamproof.net
1585271,allevi3d.com
1590726,outdoorsportswire.com
1598951,roro.com
1609618,startingpoint.ai
1613198,drumforge.com
1621776,assileye.com
1640085,purisfoods.com
1649999,hostifi.com
1662333,montkush.com
1685000,redlandssymphony.com
1724890,prokitesusa.com
1728175,orgill.ca
1732232,mapystics.com
1736705,nmslabs.com
1784458,textable.co
1803931,willhire.co
1855260,atacora.com
1860840,novelfree.site
1882873,biobuffs.com
1887100,digitalvisibilityconcepts.com
1896685,stitchcredit.com
1907143,idx2.net
1907538,modular11.com
1908885,myrewardstore.com
1921474,deskmakers.com
1956382,strapa.com
1962915,keelerusa.com
1963457,xeek.ai
1977032,dveo.com
2023412,blitsgames.com
2043417,gipnetworks.com
2051881,tributementorship.com
2060537,ardor.travel
2060798,pixeljar.com
2065805,cstem.org
2067143,zeehaus.com
2067649,keyconnect.se
2075906,onlyhumanco.com
2082023,wripple.com
2082247,photographersedit.com
2088651,apres.io
2093831,gometa.com
2094735,wolcen-universe.com
2098038,thedigitalcrafts.com
2100687,thesomervillenewsweekly.blog
2105352,pfasuccess.com
2109320,allcalltravel.com
2125216,twotreesppc.com
2131690,korunlimited.com
2141742,fluxpanda.com
2145414,brewingindustryguide.com
2150917,avlino.com
2152145,greatcreative.co
2162008,dressagenaturally.net
2174000,orangeaftermarket.com
2184466,brijj.io
2184853,frenchiefries.co
2190950,constructionwire.com
2208209,acepilot2k7.com
2215141,churchcommunications.com
2223997,eldritch-foundry.com
2231059,brkthrudigital.com
2235968,shopmockr.com
2242314,xcover.io
2247962,mavericksportfish.com
2256340,twigandolive.com
2270814,traders.academy
2288233,hypertrends.com
2288489,portify.co
2291770,arsenalyards.com
2301011,tiptopesl.com
2314461,ihcproject.com
2316743,integrated.finance
2317545,shopsaffronavenue.com
2329720,xscapeevenings.com
2338687,safetytalkideas.com
2343333,arlingtoncapitaladvisors.com
2347236,labradorsports.com
2355236,aysdiscord.com
2357366,gyo.gg
2364259,a6i1.net
2370377,alpas.ai
2386904,ibullybear.com
2412210,morganshoes.com
2415047,katieobrien.com
2430961,orthocareinnovations.com
2449970,zylvana.com
2450543,qbochat.com
2458037,magnitude.io
2481676,bobblebranding.com
2482912,givejolly.com
2505249,ers-us.com
2510375,clxhc.com
2528912,grayscaleapp.com
2538437,worksourcespokane.com
2539558,gobubble.school
2552926,tryweare.com
2576315,goodfruitvideo.com
2605603,efit.health
2614908,tpicentral.com
2623015,whitefeatherinvestments.com
2626011,easyling.com
2629672,mydeepguide.com
2639253,dreammontenegro.com
2645274,skylinecaverns.com
2652779,rereport.com
2659265,eusr.co.uk
2675205,truefocuscoaching.com
2698111,toptiercommunications.ca
2701041,thinknow.com
2704986,uworkfh.com
2716527,easyflowusa.com
2729578,cmn.men
2730609,bristlehealth.com
2740751,pricejoy.shop
2762223,bardugo.com
2768346,offerswipes.com
2808769,markettrendsignal.com
2822285,airgap.io
2830881,cylogic.com
2832766,lauraschoenfeldrd.com
2834689,deazy.com
2841422,remittven.co.uk
2847598,red-aircraft.com
2862965,multifamilyinvestornation.com
2866120,bellinghamhousing.org
2871319,storageinvestornation.com
2881778,pixibiz.com
2886328,arstemlabs.com
2894434,tech-recycle.com
2904079,osistaff.net
2904370,patientrials.com
2921168,majoringinmen.com
2930228,merylusa.com
2935353,growmyownfood.com
2939437,ecadema.com
2951429,medicinesonline.org.uk
2959211,girltribeco.com
2981376,navalio.com
2988097,perceptics.com
3002085,slowclap.com
3009961,tuanvy.com
3013338,xoxocait.com
3052662,allido.io
3082583,productivecsharp.com
3092840,ioaudio.io
3094182,149.photos
3115408,rigelmedical.com
3118372,chattyheads.com
3147622,bluejacketeer.com
3166906,dipsydip.com
3175899,newleafwellnesscentre.com
3188628,dayroadvet.com
3191248,airindex.com
3207860,mill5.com
3210742,katalystos.com
3213715,gspartners.com
3221398,360converge.com
3240563,multiplier.org
3262884,ubifi.net
3269887,identitymaxxplus.com
3276857,draliabadi.com
3281673,euronetwork.co.uk
3289094,socialistthinktank.com
3289829,faculti.net
3292109,learnwithkern.com
3318463,hoskimedia.com
3320065,mediapower.marketing
3326916,swyftenergy.ie
3340953,hrpreferred.com
3348620,thecaninereview.com
3375642,gaktory.com
3428190,blackburnlabs.com
3487366,refundable.co.uk
3499068,orgable.com
3502065,salts.co.uk
3504500,ascendingsoulsjourney.com
3546730,chatterworks.com
3563880,addedtouches.com
3576822,bissinc.com
3591072,hcacareers.co.uk
3607120,1stnetmarketing.co.uk
3629866,bigwatertech.com
3638194,certificatehero.com
3648435,ohthatsgood.com
3665552,emilyrosefitzgibbon.com
3679646,carouselsignage.com
3705520,crmbot.ai
3721561,betsyandadam.com
3726476,housemates.io
3727937,crystalkodada.com
3738159,greymatterrecruitment.co.uk
3754257,7avenue.com
3772988,nirvedacognition.ai
3805724,gyfted.shop
3816735,instavital.com
3817979,dhm.agency
3818722,ianalyst.com
3829007,idea4industry.com
3844133,iheartsteam.com
3852331,mydrnow.com
3855876,klayton.co.uk
3862397,insight2wealth.com
3868894,gmtcorporation.com
3869292,motleys.com
3878532,maggiejeancoaching.com
3887165,lashere.com
3907971,madanthonys.org
3920177,maxeylash.com
3930836,rjhconsulting.com
3930999,lawngevity.com
3945298,sosodope.com
3947044,mypatientstream.com
3989267,pomenishi.com
3999880,travelovertures.com
4007438,successlion.com
4007570,starkart.com
4013140,rubicrm.net
4020854,simpledecoratingtips.com
4022382,portraitspa.com
4024068,revantage.com
4024465,rothbioscience.com
4038172,thehamletsatpenticton.com
4051987,flextg.com
4069082,spokaneresourcecenter.org
4087725,esprala.com
4089257,trifectaagency.com
4112272,vueworx.com
4126805,delfiauctions.com
4135991,safestdoctors.com
4143221,picklesmash.com
4170369,armoursecurity.com
4201001,swift-send.com
4202314,privacytiger.com
4205132,motorbreaker.co.uk
4227732,eleden.net
4256962,robcarman.com
4271067,weigandconstruction.com
4280033,x.studio
4306728,krutsch.design
4331701,seaward-groupusa.com
4355276,saleslucky.com
4368718,zilliors.com
4400417,preipobuzz.com
4413079,flatfeecorp.com
4422059,nahidcorp.com
4450935,charlespooley.com
4460575,globalregulatorypartners.com
4481492,d2zdesign.com
4512746,impactstories.com
4513899,twixsoft.com
4522424,myopinionnow.com
4529615,apleto.com
4533963,alexabuyshouses.com
4575383,flaviapaiva.com
4579390,mibrk.com
4584068,jumptime.ie
4593325,isuh.org
4627786,mainstreammedia.com
4628044,investcurb.com
4628722,nia.agency
4628855,themindfulcat.uk
4641505,londonuw.com
4646240,thejollychristmasshop.com
4663658,theinspiredva.co.uk
4664281,veganchoicefoods.com
4676099,sparrowsense.com
4678003,eimpactconsulting.com
4746950,sensynehealth.com
4789322,tool.report
4794709,fluffyshotme.com
4830971,casaspanish.co.uk
4874304,marketinglaunchteam.com
4890477,privacyhelper.co.uk
4926503,customeroptix.com
4943473,inconcertweb.com
4962083,gymflow.io
4970071,prosulum.com
4976546,ttconf.org
4987355,mathewmorettinseo.com
5004123,nester.com
5021936,surroundinsurance.com
5029040,simonhodges.com
5033029,archiesfootwear.asia
5130093,spokaneworkforce.org
5158537,machineryaccess.com
5162539,hedgeflows.com
5172674,spezz.exchange
5183350,matchpointvitamins.com
5186615,chivarolipremier.com
5188327,directorschoice.com
5221588,helpmevote.com
5231958,foreman.mn
5239170,raidersnewswire.com
5265692,nationalmenopauseassociation.com
5269648,starstix.com
5281371,theramppeople.ie
5286448,wearejunius.com
5294147,ceealar.org
5299385,royalgorgemansion.com
5312150,lascharity.com
5313537,gorack.net
5364675,buildbreathe.co.uk
5439388,foldabox.co.uk
5442618,onecollectiveuk.org
5452610,tribeandseek.com
5552969,accidentalpm.online
5567057,radiopushers.tv
5591750,virtualevent.page
5669988,chefontheway.co.uk
5742793,menlospark.org
5800869,thevoicecafe.net
5918296,paulquentel.com
